DATE,CSX1
2018-08-08,0.0
2018-08-09,-0.00625
2018-08-10,-0.0125
2018-08-11,-0.018750000000000003
2018-08-12,-0.025
2018-08-13,-0.03125
2018-08-14,-0.037500000000000006
2018-08-15,-0.043750000000000004
2018-08-16,-0.05
2018-08-17,-0.05625
2018-08-18,-0.0625
2018-08-19,-0.06875
2018-08-20,-0.07500000000000001
2018-08-21,-0.08125
2018-08-22,-0.08750000000000001
2018-08-23,-0.09375
2018-08-24,-0.1
2018-08-25,-0.10625000000000001
2018-08-26,-0.1125
2018-08-27,-0.11875000000000001
2018-08-28,-0.125
2018-08-29,-0.13125
2018-08-30,-0.1375
2018-08-31,-0.14375000000000002
2018-09-01,-0.15000000000000002
2018-09-02,-0.15625
2018-09-03,-0.1625
2018-09-04,-0.16875
2018-09-05,-0.17500000000000002
2018-09-06,-0.18125000000000002
2018-09-07,-0.1875
2018-09-08,-0.19375
2018-09-09,-0.2
2018-09-10,-0.17857142857142858
2018-09-11,-0.15714285714285714
2018-09-12,-0.13571428571428573
2018-09-13,-0.11428571428571428
2018-09-14,-0.09285714285714285
2018-09-15,-0.07142857142857142
2018-09-16,-0.04999999999999999
2018-09-17,-0.028571428571428553
2018-09-18,-0.0071428571428571175
2018-09-19,0.014285714285714318
2018-09-20,0.035714285714285754
2018-09-21,0.05714285714285716
2018-09-22,0.07857142857142863
2018-09-23,0.10000000000000003
2018-09-24,0.1214285714285715
2018-09-25,0.1428571428571429
2018-09-26,0.1642857142857143
2018-09-27,0.18571428571428578
2018-09-28,0.20714285714285718
2018-09-29,0.22857142857142865
2018-09-30,0.25000000000000006
2018-10-01,0.2714285714285715
2018-10-02,0.2928571428571429
2018-10-03,0.31428571428571433
2018-10-04,0.3357142857142858
2018-10-05,0.35714285714285726
2018-10-06,0.3785714285714286
2018-10-07,0.4
2018-10-08,0.44375000000000003
2018-10-09,0.48750000000000004
2018-10-10,0.53125
2018-10-11,0.5750000000000001
2018-10-12,0.61875
2018-10-13,0.6625000000000001
2018-10-14,0.70625
2018-10-15,0.75
2018-10-16,0.7937500000000001
2018-10-17,0.8375000000000001
2018-10-18,0.8812500000000001
2018-10-19,0.925
2018-10-20,0.9687500000000001
2018-10-21,1.0125000000000002
2018-10-22,1.0562500000000001
2018-10-23,1.1
2018-10-24,1.1208333333333333
2018-10-25,1.1416666666666668
2018-10-26,1.1625
2018-10-27,1.1833333333333333
2018-10-28,1.2041666666666668
2018-10-29,1.225
2018-10-30,1.2458333333333333
2018-10-31,1.2666666666666668
2018-11-01,1.2875
2018-11-02,1.3083333333333333
2018-11-03,1.3291666666666668
2018-11-04,1.35
2018-11-05,1.3708333333333333
2018-11-06,1.3916666666666666
2018-11-07,1.4125
2018-11-08,1.4333333333333333
2018-11-09,1.4541666666666666
2018-11-10,1.475
2018-11-11,1.4958333333333333
2018-11-12,1.5166666666666666
2018-11-13,1.5375
2018-11-14,1.5583333333333333
2018-11-15,1.5791666666666666
2018-11-16,1.6
2018-11-17,1.3666666666666667
2018-11-18,1.1333333333333335
2018-11-19,0.9000000000000001
2018-11-20,0.6666666666666669
2018-11-21,0.43333333333333357
2018-11-22,0.20000000000000018
2018-11-23,-0.03333333333333299
2018-11-24,-0.2666666666666664
2018-11-25,-0.49999999999999956
2018-11-26,-0.733333333333333
2018-11-27,-0.9666666666666663
2018-11-28,-1.2
2018-11-29,-1.3111111111111111
2018-11-30,-1.422222222222222
2018-12-01,-1.5333333333333332
2018-12-02,-1.6444444444444444
2018-12-03,-1.7555555555555555
2018-12-04,-1.8666666666666667
2018-12-05,-1.9777777777777776
2018-12-06,-2.0888888888888886
2018-12-07,-2.2
2018-12-08,-2.311111111111111
2018-12-09,-2.422222222222222
2018-12-10,-2.533333333333333
2018-12-11,-2.6444444444444444
2018-12-12,-2.7555555555555555
2018-12-13,-2.8666666666666663
2018-12-14,-2.977777777777778
2018-12-15,-3.0888888888888886
2018-12-16,-3.2
2018-12-17,-3.311111111111111
2018-12-18,-3.4222222222222225
2018-12-19,-3.533333333333333
2018-12-20,-3.644444444444444
2018-12-21,-3.7555555555555555
2018-12-22,-3.8666666666666663
2018-12-23,-3.977777777777778
2018-12-24,-4.088888888888889
2018-12-25,-4.2
2018-12-26,-4.311111111111111
2018-12-27,-4.422222222222222
2018-12-28,-4.533333333333333
2018-12-29,-4.644444444444444
2018-12-30,-4.7555555555555555
2018-12-31,-4.866666666666666
2019-01-01,-4.977777777777778
2019-01-02,-5.088888888888889
2019-01-03,-5.2
2019-01-04,-4.5
2019-01-05,-3.8
2019-01-06,-3.1
2019-01-07,-2.4
2019-01-08,-1.6999999999999997
2019-01-09,-1.0
2019-01-10,-0.2999999999999998
2019-01-11,0.4
2019-01-12,0.64
2019-01-13,0.88
2019-01-14,1.12
2019-01-15,1.3599999999999999
2019-01-16,1.6
2019-01-17,1.8399999999999999
2019-01-18,2.08
2019-01-19,2.32
2019-01-20,2.56
2019-01-21,2.8
2019-01-22,3.0399999999999996
2019-01-23,3.28
2019-01-24,3.52
2019-01-25,3.76
2019-01-26,3.9999999999999996
2019-01-27,4.24
2019-01-28,4.48
2019-01-29,4.720000000000001
2019-01-30,4.96
2019-01-31,5.2
2019-02-01,4.7875000000000005
2019-02-02,4.375
2019-02-03,3.9625000000000004
2019-02-04,3.5500000000000003
2019-02-05,3.1375
2019-02-06,2.7250000000000005
2019-02-07,2.3125000000000004
2019-02-08,1.9000000000000004
2019-02-09,1.4875000000000003
2019-02-10,1.0750000000000002
2019-02-11,0.6625000000000005
2019-02-12,0.2500000000000009
2019-02-13,-0.16249999999999964
2019-02-14,-0.5749999999999993
2019-02-15,-0.9874999999999998
2019-02-16,-1.4
2019-02-17,-1.365
2019-02-18,-1.3299999999999998
2019-02-19,-1.295
2019-02-20,-1.26
2019-02-21,-1.2249999999999999
2019-02-22,-1.19
2019-02-23,-1.155
2019-02-24,-1.1199999999999999
2019-02-25,-1.085
2019-02-26,-1.0499999999999998
2019-02-27,-1.015
2019-02-28,-0.98
2019-03-01,-0.945
2019-03-02,-0.9099999999999999
2019-03-03,-0.875
2019-03-04,-0.84
2019-03-05,-0.8049999999999999
2019-03-06,-0.77
2019-03-07,-0.735
2019-03-08,-0.7
2019-03-09,-0.5375
2019-03-10,-0.375
2019-03-11,-0.21250000000000002
2019-03-12,-0.050000000000000044
2019-03-13,0.11249999999999993
2019-03-14,0.2749999999999999
2019-03-15,0.4374999999999998
2019-03-16,0.6
2019-03-17,0.42499999999999993
2019-03-18,0.24999999999999994
2019-03-19,0.07499999999999996
2019-03-20,-0.10000000000000009
2019-03-21,-0.27500000000000013
2019-03-22,-0.45000000000000007
2019-03-23,-0.6250000000000001
2019-03-24,-0.8000000000000002
2019-03-25,-0.9750000000000002
2019-03-26,-1.1500000000000004
2019-03-27,-1.3250000000000002
2019-03-28,-1.5
2019-03-29,-1.6750000000000003
2019-03-30,-1.85
2019-03-31,-2.0250000000000004
2019-04-01,-2.2
2019-04-02,-2.375
2019-04-03,-2.5500000000000003
2019-04-04,-2.725
2019-04-05,-2.9000000000000004
2019-04-06,-3.075
2019-04-07,-3.2500000000000004
2019-04-08,-3.4250000000000003
2019-04-09,-3.6
2019-04-10,-3.4562500000000003
2019-04-11,-3.3125
2019-04-12,-3.16875
2019-04-13,-3.0250000000000004
2019-04-14,-2.88125
2019-04-15,-2.7375000000000003
2019-04-16,-2.59375
2019-04-17,-2.45
2019-04-18,-2.3062500000000004
2019-04-19,-2.1625
2019-04-20,-2.0187500000000003
2019-04-21,-1.8750000000000002
2019-04-22,-1.7312500000000002
2019-04-23,-1.5875000000000004
2019-04-24,-1.44375
2019-04-25,-1.3
2019-04-26,-1.2375
2019-04-27,-1.175
2019-04-28,-1.1125
2019-04-29,-1.05
2019-04-30,-0.9875
2019-05-01,-0.925
2019-05-02,-0.8625
2019-05-03,-0.8
2019-05-04,-0.7875000000000001
2019-05-05,-0.775
2019-05-06,-0.7625000000000001
2019-05-07,-0.75
2019-05-08,-0.7375
2019-05-09,-0.7250000000000001
2019-05-10,-0.7125
2019-05-11,-0.7000000000000001
2019-05-12,-0.6875
2019-05-13,-0.675
2019-05-14,-0.6625000000000001
2019-05-15,-0.65
2019-05-16,-0.6375000000000001
2019-05-17,-0.625
2019-05-18,-0.6125
2019-05-19,-0.6000000000000001
2019-05-20,-0.5875
2019-05-21,-0.5750000000000001
2019-05-22,-0.5625
2019-05-23,-0.55
2019-05-24,-0.5375000000000001
2019-05-25,-0.525
2019-05-26,-0.5125
2019-05-27,-0.5
2019-05-28,-0.48750000000000004
2019-05-29,-0.47500000000000003
2019-05-30,-0.4625
2019-05-31,-0.45
2019-06-01,-0.4375
2019-06-02,-0.42500000000000004
2019-06-03,-0.41250000000000003
2019-06-04,-0.4
2019-06-05,-0.3875
2019-06-06,-0.375
2019-06-07,-0.36250000000000004
2019-06-08,-0.35000000000000003
2019-06-09,-0.3375
2019-06-10,-0.325
2019-06-11,-0.3125
2019-06-12,-0.3
2019-06-13,-0.33125
2019-06-14,-0.3625
2019-06-15,-0.39375
2019-06-16,-0.425
2019-06-17,-0.45625
2019-06-18,-0.4875
2019-06-19,-0.51875
2019-06-20,-0.55
2019-06-21,-0.58125
2019-06-22,-0.6125
2019-06-23,-0.64375
2019-06-24,-0.675
2019-06-25,-0.70625
2019-06-26,-0.7375
2019-06-27,-0.76875
2019-06-28,-0.8
2019-06-29,-0.83125
2019-06-30,-0.8625
2019-07-01,-0.89375
2019-07-02,-0.925
2019-07-03,-0.95625
2019-07-04,-0.9875
2019-07-05,-1.01875
2019-07-06,-1.05
2019-07-07,-1.08125
2019-07-08,-1.1125
2019-07-09,-1.14375
2019-07-10,-1.175
2019-07-11,-1.20625
2019-07-12,-1.2375
2019-07-13,-1.26875
2019-07-14,-1.3
2019-07-15,-1.33125
2019-07-16,-1.3625
2019-07-17,-1.39375
2019-07-18,-1.425
2019-07-19,-1.45625
2019-07-20,-1.4875
2019-07-21,-1.51875
2019-07-22,-1.55
2019-07-23,-1.58125
2019-07-24,-1.6125
2019-07-25,-1.64375
2019-07-26,-1.675
2019-07-27,-1.70625
2019-07-28,-1.7375
2019-07-29,-1.76875
2019-07-30,-1.8
2019-07-31,-1.7140625
2019-08-01,-1.628125
2019-08-02,-1.5421875
2019-08-03,-1.45625
2019-08-04,-1.3703125
2019-08-05,-1.284375
2019-08-06,-1.1984375
2019-08-07,-1.1125
2019-08-08,-1.0265625
2019-08-09,-0.940625
2019-08-10,-0.8546875
2019-08-11,-0.76875
2019-08-12,-0.6828125
2019-08-13,-0.596875
2019-08-14,-0.5109375
2019-08-15,-0.42500000000000004
2019-08-16,-0.33906250000000004
2019-08-17,-0.25312500000000004
2019-08-18,-0.16718750000000004
2019-08-19,-0.08125000000000004
2019-08-20,0.004687499999999956
2019-08-21,0.09062499999999996
2019-08-22,0.17656249999999996
2019-08-23,0.26249999999999996
2019-08-24,0.34843749999999996
2019-08-25,0.43437499999999996
2019-08-26,0.5203125
2019-08-27,0.60625
2019-08-28,0.6921875
2019-08-29,0.778125
2019-08-30,0.8640625
2019-08-31,0.95
2019-09-01,1.0359375
2019-09-02,1.121875
2019-09-03,1.2078125
2019-09-04,1.29375
2019-09-05,1.3796875
2019-09-06,1.465625
2019-09-07,1.5515625
2019-09-08,1.6375
2019-09-09,1.7234375
2019-09-10,1.809375
2019-09-11,1.8953125
2019-09-12,1.98125
2019-09-13,2.0671875
2019-09-14,2.153125
2019-09-15,2.2390625
2019-09-16,2.325
2019-09-17,2.4109375
2019-09-18,2.496875
2019-09-19,2.5828125
2019-09-20,2.66875
2019-09-21,2.7546875
2019-09-22,2.840625
2019-09-23,2.9265625
2019-09-24,3.0125
2019-09-25,3.0984375
2019-09-26,3.184375
2019-09-27,3.2703125
2019-09-28,3.35625
2019-09-29,3.4421875
2019-09-30,3.528125
2019-10-01,3.6140625
2019-10-02,3.7
2019-10-03,3.510909090909091
2019-10-04,3.3218181818181822
2019-10-05,3.132727272727273
2019-10-06,2.943636363636364
2019-10-07,2.754545454545455
2019-10-08,2.5654545454545454
2019-10-09,2.3763636363636365
2019-10-10,2.1872727272727275
2019-10-11,1.9981818181818185
2019-10-12,1.8090909090909093
2019-10-13,1.62
2019-10-14,1.4309090909090911
2019-10-15,1.2418181818181822
2019-10-16,1.0527272727272727
2019-10-17,0.8636363636363638
2019-10-18,0.6745454545454548
2019-10-19,0.4854545454545458
2019-10-20,0.29636363636363683
2019-10-21,0.10727272727272741
2019-10-22,-0.08181818181818157
2019-10-23,-0.27090909090909054
2019-10-24,-0.45999999999999996
2019-10-25,-0.6490909090909085
2019-10-26,-0.8381818181818179
2019-10-27,-1.0272727272727273
2019-10-28,-1.2163636363636359
2019-10-29,-1.4054545454545453
2019-10-30,-1.5945454545454547
2019-10-31,-1.7836363636363632
2019-11-01,-1.9727272727272727
2019-11-02,-2.161818181818181
2019-11-03,-2.3509090909090906
2019-11-04,-2.54
2019-11-05,-2.7290909090909086
2019-11-06,-2.918181818181818
2019-11-07,-3.1072727272727265
2019-11-08,-3.296363636363636
2019-11-09,-3.4854545454545454
2019-11-10,-3.674545454545454
2019-11-11,-3.8636363636363633
2019-11-12,-4.052727272727273
2019-11-13,-4.241818181818181
2019-11-14,-4.430909090909091
2019-11-15,-4.62
2019-11-16,-4.8090909090909095
2019-11-17,-4.998181818181817
2019-11-18,-5.187272727272727
2019-11-19,-5.376363636363636
2019-11-20,-5.565454545454545
2019-11-21,-5.754545454545455
2019-11-22,-5.9436363636363625
2019-11-23,-6.132727272727272
2019-11-24,-6.321818181818181
2019-11-25,-6.510909090909091
2019-11-26,-6.7
2019-11-27,-6.628395061728395
2019-11-28,-6.55679012345679
2019-11-29,-6.485185185185185
2019-11-30,-6.413580246913581
2019-12-01,-6.341975308641976
2019-12-02,-6.270370370370371
2019-12-03,-6.1987654320987655
2019-12-04,-6.12716049382716
2019-12-05,-6.055555555555555
2019-12-06,-5.98395061728395
2019-12-07,-5.912345679012346
2019-12-08,-5.840740740740741
2019-12-09,-5.769135802469136
2019-12-10,-5.697530864197531
2019-12-11,-5.625925925925926
2019-12-12,-5.554320987654322
2019-12-13,-5.4827160493827165
2019-12-14,-5.411111111111111
2019-12-15,-5.339506172839506
2019-12-16,-5.267901234567901
2019-12-17,-5.196296296296296
2019-12-18,-5.124691358024691
2019-12-19,-5.053086419753086
2019-12-20,-4.981481481481482
2019-12-21,-4.909876543209877
2019-12-22,-4.838271604938272
2019-12-23,-4.766666666666667
2019-12-24,-4.695061728395062
2019-12-25,-4.623456790123457
2019-12-26,-4.551851851851852
2019-12-27,-4.480246913580247
2019-12-28,-4.408641975308642
2019-12-29,-4.337037037037037
2019-12-30,-4.265432098765432
2019-12-31,-4.193827160493827
2020-01-01,-4.122222222222222
2020-01-02,-4.050617283950618
2020-01-03,-3.9790123456790125
2020-01-04,-3.9074074074074074
2020-01-05,-3.8358024691358024
2020-01-06,-3.7641975308641977
2020-01-07,-3.6925925925925926
2020-01-08,-3.6209876543209876
2020-01-09,-3.549382716049383
2020-01-10,-3.477777777777778
2020-01-11,-3.406172839506173
2020-01-12,-3.334567901234568
2020-01-13,-3.262962962962963
2020-01-14,-3.191358024691358
2020-01-15,-3.1197530864197534
2020-01-16,-3.0481481481481483
2020-01-17,-2.976543209876543
2020-01-18,-2.9049382716049386
2020-01-19,-2.8333333333333335
2020-01-20,-2.7617283950617284
2020-01-21,-2.6901234567901238
2020-01-22,-2.6185185185185187
2020-01-23,-2.5469135802469136
2020-01-24,-2.4753086419753085
2020-01-25,-2.4037037037037035
2020-01-26,-2.3320987654320993
2020-01-27,-2.260493827160494
2020-01-28,-2.188888888888889
2020-01-29,-2.117283950617284
2020-01-30,-2.045679012345679
2020-01-31,-1.9740740740740739
2020-02-01,-1.9024691358024688
2020-02-02,-1.8308641975308646
2020-02-03,-1.7592592592592595
2020-02-04,-1.6876543209876544
2020-02-05,-1.6160493827160494
2020-02-06,-1.5444444444444443
2020-02-07,-1.4728395061728392
2020-02-08,-1.401234567901235
2020-02-09,-1.32962962962963
2020-02-10,-1.2580246913580249
2020-02-11,-1.1864197530864198
2020-02-12,-1.1148148148148147
2020-02-13,-1.0432098765432096
2020-02-14,-0.9716049382716045
2020-02-15,-0.9
2020-02-16,-0.8994047619047619
2020-02-17,-0.8988095238095238
2020-02-18,-0.8982142857142857
2020-02-19,-0.8976190476190476
2020-02-20,-0.8970238095238096
2020-02-21,-0.8964285714285715
2020-02-22,-0.8958333333333334
2020-02-23,-0.8952380952380953
2020-02-24,-0.8946428571428572
2020-02-25,-0.8940476190476191
2020-02-26,-0.893452380952381
2020-02-27,-0.8928571428571429
2020-02-28,-0.8922619047619048
2020-02-29,-0.8916666666666667
2020-03-01,-0.8910714285714286
2020-03-02,-0.8904761904761905
2020-03-03,-0.8898809523809524
2020-03-04,-0.8892857142857143
2020-03-05,-0.8886904761904763
2020-03-06,-0.8880952380952382
2020-03-07,-0.8875000000000001
2020-03-08,-0.886904761904762
2020-03-09,-0.8863095238095239
2020-03-10,-0.8857142857142858
2020-03-11,-0.8851190476190477
2020-03-12,-0.8845238095238096
2020-03-13,-0.8839285714285715
2020-03-14,-0.8833333333333333
2020-03-15,-0.8827380952380952
2020-03-16,-0.8821428571428571
2020-03-17,-0.881547619047619
2020-03-18,-0.8809523809523809
2020-03-19,-0.8803571428571428
2020-03-20,-0.8797619047619047
2020-03-21,-0.8791666666666667
2020-03-22,-0.8785714285714286
2020-03-23,-0.8779761904761905
2020-03-24,-0.8773809523809524
2020-03-25,-0.8767857142857143
2020-03-26,-0.8761904761904762
2020-03-27,-0.8755952380952381
2020-03-28,-0.875
2020-03-29,-0.8744047619047619
2020-03-30,-0.8738095238095238
2020-03-31,-0.8732142857142857
2020-04-01,-0.8726190476190476
2020-04-02,-0.8720238095238095
2020-04-03,-0.8714285714285714
2020-04-04,-0.8708333333333333
2020-04-05,-0.8702380952380953
2020-04-06,-0.8696428571428572
2020-04-07,-0.8690476190476191
2020-04-08,-0.868452380952381
2020-04-09,-0.8678571428571429
2020-04-10,-0.8672619047619048
2020-04-11,-0.8666666666666667
2020-04-12,-0.8660714285714286
2020-04-13,-0.8654761904761905
2020-04-14,-0.8648809523809524
2020-04-15,-0.8642857142857143
2020-04-16,-0.8636904761904762
2020-04-17,-0.8630952380952381
2020-04-18,-0.8625
2020-04-19,-0.861904761904762
2020-04-20,-0.8613095238095239
2020-04-21,-0.8607142857142858
2020-04-22,-0.8601190476190477
2020-04-23,-0.8595238095238096
2020-04-24,-0.8589285714285715
2020-04-25,-0.8583333333333334
2020-04-26,-0.8577380952380953
2020-04-27,-0.8571428571428572
2020-04-28,-0.8565476190476191
2020-04-29,-0.855952380952381
2020-04-30,-0.8553571428571429
2020-05-01,-0.8547619047619048
2020-05-02,-0.8541666666666667
2020-05-03,-0.8535714285714286
2020-05-04,-0.8529761904761906
2020-05-05,-0.8523809523809525
2020-05-06,-0.8517857142857144
2020-05-07,-0.8511904761904763
2020-05-08,-0.8505952380952382
2020-05-09,-0.8500000000000001
2020-05-10,-0.849404761904762
2020-05-11,-0.8488095238095239
2020-05-12,-0.8482142857142858
2020-05-13,-0.8476190476190476
2020-05-14,-0.8470238095238095
2020-05-15,-0.8464285714285714
2020-05-16,-0.8458333333333333
2020-05-17,-0.8452380952380952
2020-05-18,-0.8446428571428571
2020-05-19,-0.844047619047619
2020-05-20,-0.843452380952381
2020-05-21,-0.8428571428571429
2020-05-22,-0.8422619047619048
2020-05-23,-0.8416666666666667
2020-05-24,-0.8410714285714286
2020-05-25,-0.8404761904761905
2020-05-26,-0.8398809523809524
2020-05-27,-0.8392857142857143
2020-05-28,-0.8386904761904762
2020-05-29,-0.8380952380952381
2020-05-30,-0.8375
2020-05-31,-0.8369047619047619
2020-06-01,-0.8363095238095238
2020-06-02,-0.8357142857142857
2020-06-03,-0.8351190476190476
2020-06-04,-0.8345238095238096
2020-06-05,-0.8339285714285715
2020-06-06,-0.8333333333333334
2020-06-07,-0.8327380952380953
2020-06-08,-0.8321428571428572
2020-06-09,-0.8315476190476191
2020-06-10,-0.830952380952381
2020-06-11,-0.8303571428571429
2020-06-12,-0.8297619047619048
2020-06-13,-0.8291666666666667
2020-06-14,-0.8285714285714286
2020-06-15,-0.8279761904761905
2020-06-16,-0.8273809523809524
2020-06-17,-0.8267857142857143
2020-06-18,-0.8261904761904763
2020-06-19,-0.8255952380952382
2020-06-20,-0.8250000000000001
2020-06-21,-0.824404761904762
2020-06-22,-0.8238095238095239
2020-06-23,-0.8232142857142858
2020-06-24,-0.8226190476190477
2020-06-25,-0.8220238095238096
2020-06-26,-0.8214285714285715
2020-06-27,-0.8208333333333334
2020-06-28,-0.8202380952380953
2020-06-29,-0.8196428571428572
2020-06-30,-0.8190476190476191
2020-07-01,-0.818452380952381
2020-07-02,-0.817857142857143
2020-07-03,-0.8172619047619047
2020-07-04,-0.8166666666666667
2020-07-05,-0.8160714285714286
2020-07-06,-0.8154761904761905
2020-07-07,-0.8148809523809524
2020-07-08,-0.8142857142857143
2020-07-09,-0.8136904761904762
2020-07-10,-0.8130952380952381
2020-07-11,-0.8125
2020-07-12,-0.8119047619047619
2020-07-13,-0.8113095238095238
2020-07-14,-0.8107142857142857
2020-07-15,-0.8101190476190476
2020-07-16,-0.8095238095238095
2020-07-17,-0.8089285714285714
2020-07-18,-0.8083333333333333
2020-07-19,-0.8077380952380953
2020-07-20,-0.8071428571428572
2020-07-21,-0.8065476190476191
2020-07-22,-0.805952380952381
2020-07-23,-0.8053571428571429
2020-07-24,-0.8047619047619048
2020-07-25,-0.8041666666666667
2020-07-26,-0.8035714285714286
2020-07-27,-0.8029761904761905
2020-07-28,-0.8023809523809524
2020-07-29,-0.8017857142857143
2020-07-30,-0.8011904761904762
2020-07-31,-0.8005952380952381
2020-08-01,-0.8
2020-08-02,-0.7839285714285714
2020-08-03,-0.7678571428571429
2020-08-04,-0.7517857142857143
2020-08-05,-0.7357142857142858
2020-08-06,-0.7196428571428571
2020-08-07,-0.7035714285714286
2020-08-08,-0.6875
2020-08-09,-0.6714285714285715
2020-08-10,-0.6553571428571429
2020-08-11,-0.6392857142857143
2020-08-12,-0.6232142857142857
2020-08-13,-0.6071428571428572
2020-08-14,-0.5910714285714286
2020-08-15,-0.575
2020-08-16,-0.5589285714285714
2020-08-17,-0.5428571428571429
2020-08-18,-0.5267857142857143
2020-08-19,-0.5107142857142857
2020-08-20,-0.49464285714285716
2020-08-21,-0.4785714285714286
2020-08-22,-0.4625
2020-08-23,-0.44642857142857145
2020-08-24,-0.4303571428571429
2020-08-25,-0.41428571428571426
2020-08-26,-0.3982142857142857
2020-08-27,-0.3821428571428571
2020-08-28,-0.36607142857142855
2020-08-29,-0.35
2020-08-30,-0.3339285714285714
2020-08-31,-0.31785714285714284
2020-09-01,-0.30178571428571427
2020-09-02,-0.2857142857142857
2020-09-03,-0.2696428571428571
2020-09-04,-0.25357142857142856
2020-09-05,-0.23749999999999993
2020-09-06,-0.22142857142857142
2020-09-07,-0.2053571428571428
2020-09-08,-0.18928571428571428
2020-09-09,-0.17321428571428565
2020-09-10,-0.15714285714285714
2020-09-11,-0.14107142857142851
2020-09-12,-0.125
2020-09-13,-0.10892857142857137
2020-09-14,-0.09285714285714286
2020-09-15,-0.07678571428571423
2020-09-16,-0.06071428571428572
2020-09-17,-0.044642857142857095
2020-09-18,-0.02857142857142847
2020-09-19,-0.012499999999999956
2020-09-20,0.0035714285714286698
2020-09-21,0.019642857142857184
2020-09-22,0.03571428571428581
2020-09-23,0.051785714285714324
2020-09-24,0.06785714285714295
2020-09-25,0.08392857142857146
2020-09-26,0.1
2020-09-27,0.0625
2020-09-28,0.024999999999999994
2020-09-29,-0.012500000000000011
2020-09-30,-0.05000000000000002
2020-10-01,-0.08750000000000002
2020-10-02,-0.12500000000000003
2020-10-03,-0.16250000000000006
2020-10-04,-0.20000000000000004
2020-10-05,-0.23750000000000002
2020-10-06,-0.275
2020-10-07,-0.3125000000000001
2020-10-08,-0.3500000000000001
2020-10-09,-0.38750000000000007
2020-10-10,-0.42500000000000016
2020-10-11,-0.46250000000000013
2020-10-12,-0.5000000000000001
2020-10-13,-0.5375000000000001
2020-10-14,-0.5750000000000001
2020-10-15,-0.6125000000000002
2020-10-16,-0.6500000000000001
2020-10-17,-0.6875000000000001
2020-10-18,-0.7250000000000002
2020-10-19,-0.7625000000000002
2020-10-20,-0.8000000000000002
2020-10-21,-0.8375000000000001
2020-10-22,-0.8750000000000001
2020-10-23,-0.9125000000000002
2020-10-24,-0.9500000000000003
2020-10-25,-0.9875000000000002
2020-10-26,-1.0250000000000001
2020-10-27,-1.0625
2020-10-28,-1.1
2020-10-29,-1.1375000000000002
2020-10-30,-1.175
2020-10-31,-1.2125000000000001
2020-11-01,-1.25
2020-11-02,-1.2875
2020-11-03,-1.3250000000000002
2020-11-04,-1.3625
2020-11-05,-1.4000000000000001
2020-11-06,-1.4375000000000002
2020-11-07,-1.475
2020-11-08,-1.5125000000000002
2020-11-09,-1.5500000000000003
2020-11-10,-1.5875000000000001
2020-11-11,-1.6250000000000002
2020-11-12,-1.6625
2020-11-13,-1.7000000000000002
2020-11-14,-1.7375000000000003
2020-11-15,-1.7750000000000001
2020-11-16,-1.8125000000000002
2020-11-17,-1.85
2020-11-18,-1.8875000000000002
2020-11-19,-1.9250000000000003
2020-11-20,-1.9625000000000004
2020-11-21,-2.0000000000000004
2020-11-22,-2.0375
2020-11-23,-2.075
2020-11-24,-2.1125000000000003
2020-11-25,-2.1500000000000004
2020-11-26,-2.1875000000000004
2020-11-27,-2.225
2020-11-28,-2.2625
2020-11-29,-2.3000000000000003
2020-11-30,-2.3375000000000004
2020-12-01,-2.3750000000000004
2020-12-02,-2.4125
2020-12-03,-2.45
2020-12-04,-2.4875000000000003
2020-12-05,-2.5250000000000004
2020-12-06,-2.5625000000000004
2020-12-07,-2.6
2020-12-08,-2.6375
2020-12-09,-2.6750000000000003
2020-12-10,-2.7125000000000004
2020-12-11,-2.7500000000000004
2020-12-12,-2.7875000000000005
2020-12-13,-2.825
2020-12-14,-2.8625000000000003
2020-12-15,-2.9000000000000004
2020-12-16,-2.9375000000000004
2020-12-17,-2.9750000000000005
2020-12-18,-3.0125
2020-12-19,-3.0500000000000003
2020-12-20,-3.0875000000000004
2020-12-21,-3.1250000000000004
2020-12-22,-3.1625000000000005
2020-12-23,-3.2
2020-12-24,-3.1750000000000003
2020-12-25,-3.1500000000000004
2020-12-26,-3.125
2020-12-27,-3.1
2020-12-28,-3.075
2020-12-29,-3.05
2020-12-30,-3.025
2020-12-31,-3.0
2021-01-01,-2.975
2021-01-02,-2.95
2021-01-03,-2.925
2021-01-04,-2.9
2021-01-05,-2.875
2021-01-06,-2.8499999999999996
2021-01-07,-2.8249999999999997
2021-01-08,-2.8
2021-01-09,-2.7093749999999996
2021-01-10,-2.61875
2021-01-11,-2.5281249999999997
2021-01-12,-2.4375
2021-01-13,-2.346875
2021-01-14,-2.2562499999999996
2021-01-15,-2.165625
2021-01-16,-2.0749999999999997
2021-01-17,-1.984375
2021-01-18,-1.8937499999999998
2021-01-19,-1.8031249999999999
2021-01-20,-1.7125
2021-01-21,-1.621875
2021-01-22,-1.5312499999999998
2021-01-23,-1.4406249999999998
2021-01-24,-1.3499999999999999
2021-01-25,-1.259375
2021-01-26,-1.16875
2021-01-27,-1.0781249999999998
2021-01-28,-0.9874999999999998
2021-01-29,-0.8968749999999999
2021-01-30,-0.8062499999999999
2021-01-31,-0.7156249999999997
2021-02-01,-0.625
2021-02-02,-0.5343749999999998
2021-02-03,-0.4437500000000001
2021-02-04,-0.3531249999999999
2021-02-05,-0.26249999999999973
2021-02-06,-0.171875
2021-02-07,-0.08124999999999982
2021-02-08,0.009374999999999911
2021-02-09,0.1
2021-02-10,-0.11250000000000002
2021-02-11,-0.32500000000000007
2021-02-12,-0.5375000000000001
2021-02-13,-0.7500000000000001
2021-02-14,-0.9625
2021-02-15,-1.175
2021-02-16,-1.3875000000000002
2021-02-17,-1.6
2021-02-18,-1.5437500000000002
2021-02-19,-1.4875
2021-02-20,-1.4312500000000001
2021-02-21,-1.375
2021-02-22,-1.31875
2021-02-23,-1.2625000000000002
2021-02-24,-1.20625
2021-02-25,-1.15
2021-02-26,-1.09375
2021-02-27,-1.0375
2021-02-28,-0.98125
2021-03-01,-0.925
2021-03-02,-0.86875
2021-03-03,-0.8125
2021-03-04,-0.75625
2021-03-05,-0.7
2021-03-06,-0.7437499999999999
2021-03-07,-0.7875
2021-03-08,-0.8312499999999999
2021-03-09,-0.8749999999999999
2021-03-10,-0.91875
2021-03-11,-0.9624999999999999
2021-03-12,-1.0062499999999999
2021-03-13,-1.0499999999999998
2021-03-14,-1.09375
2021-03-15,-1.1374999999999997
2021-03-16,-1.18125
2021-03-17,-1.2249999999999999
2021-03-18,-1.2687499999999998
2021-03-19,-1.3124999999999998
2021-03-20,-1.3562499999999997
2021-03-21,-1.4
2021-03-22,-1.4437499999999996
2021-03-23,-1.4874999999999998
2021-03-24,-1.5312499999999998
2021-03-25,-1.5749999999999997
2021-03-26,-1.61875
2021-03-27,-1.6624999999999996
2021-03-28,-1.7062499999999998
2021-03-29,-1.7499999999999998
2021-03-30,-1.7937499999999997
2021-03-31,-1.8374999999999997
2021-04-01,-1.8812499999999996
2021-04-02,-1.9249999999999996
2021-04-03,-1.9687499999999998
2021-04-04,-2.0124999999999997
2021-04-05,-2.0562499999999995
2021-04-06,-2.0999999999999996
2021-04-07,-2.14375
2021-04-08,-2.1874999999999996
2021-04-09,-2.2312499999999993
2021-04-10,-2.2749999999999995
2021-04-11,-2.3187499999999996
2021-04-12,-2.3625
2021-04-13,-2.4062499999999996
2021-04-14,-2.4499999999999993
2021-04-15,-2.4937499999999995
2021-04-16,-2.5374999999999996
2021-04-17,-2.58125
2021-04-18,-2.6249999999999996
2021-04-19,-2.6687499999999993
2021-04-20,-2.7124999999999995
2021-04-21,-2.7562499999999996
2021-04-22,-2.8
2021-04-23,-2.6937499999999996
2021-04-24,-2.5875
2021-04-25,-2.4812499999999997
2021-04-26,-2.375
2021-04-27,-2.26875
2021-04-28,-2.1624999999999996
2021-04-29,-2.05625
2021-04-30,-1.95
2021-05-01,-1.84375
2021-05-02,-1.7375
2021-05-03,-1.63125
2021-05-04,-1.525
2021-05-05,-1.41875
2021-05-06,-1.3125
2021-05-07,-1.20625
2021-05-08,-1.1
2021-05-09,-1.125
2021-05-10,-1.1500000000000001
2021-05-11,-1.175
2021-05-12,-1.2000000000000002
2021-05-13,-1.225
2021-05-14,-1.25
2021-05-15,-1.2750000000000001
2021-05-16,-1.3
2021-05-17,-1.325
2021-05-18,-1.35
2021-05-19,-1.375
2021-05-20,-1.4
2021-05-21,-1.425
2021-05-22,-1.45
2021-05-23,-1.475
2021-05-24,-1.5
2021-05-25,-1.525
2021-05-26,-1.55
2021-05-27,-1.575
2021-05-28,-1.6
2021-05-29,-1.625
2021-05-30,-1.65
2021-05-31,-1.6749999999999998
2021-06-01,-1.7
2021-06-02,-1.7125
2021-06-03,-1.7249999999999999
2021-06-04,-1.7375
2021-06-05,-1.75
2021-06-06,-1.7625
2021-06-07,-1.775
2021-06-08,-1.7875
2021-06-09,-1.8
2021-06-10,-1.8125
2021-06-11,-1.825
2021-06-12,-1.8375
2021-06-13,-1.85
2021-06-14,-1.8625
2021-06-15,-1.875
2021-06-16,-1.8875
2021-06-17,-1.9
2021-06-18,-1.9125
2021-06-19,-1.925
2021-06-20,-1.9375
2021-06-21,-1.9500000000000002
2021-06-22,-1.9625
2021-06-23,-1.975
2021-06-24,-1.9875
2021-06-25,-2.0
2021-06-26,-2.0125
2021-06-27,-2.025
2021-06-28,-2.0375
2021-06-29,-2.05
2021-06-30,-2.0625
2021-07-01,-2.075
2021-07-02,-2.0875
2021-07-03,-2.1
2021-07-04,-2.0839285714285714
2021-07-05,-2.067857142857143
2021-07-06,-2.0517857142857143
2021-07-07,-2.0357142857142856
2021-07-08,-2.0196428571428573
2021-07-09,-2.0035714285714286
2021-07-10,-1.9875
2021-07-11,-1.9714285714285715
2021-07-12,-1.955357142857143
2021-07-13,-1.9392857142857143
2021-07-14,-1.9232142857142858
2021-07-15,-1.9071428571428573
2021-07-16,-1.8910714285714287
2021-07-17,-1.875
2021-07-18,-1.8589285714285715
2021-07-19,-1.842857142857143
2021-07-20,-1.8267857142857142
2021-07-21,-1.8107142857142857
2021-07-22,-1.7946428571428572
2021-07-23,-1.7785714285714287
2021-07-24,-1.7625000000000002
2021-07-25,-1.7464285714285714
2021-07-26,-1.730357142857143
2021-07-27,-1.7142857142857144
2021-07-28,-1.6982142857142857
2021-07-29,-1.6821428571428572
2021-07-30,-1.6660714285714286
2021-07-31,-1.65
2021-08-01,-1.6339285714285714
2021-08-02,-1.6178571428571429
2021-08-03,-1.6017857142857144
2021-08-04,-1.5857142857142859
2021-08-05,-1.5696428571428571
2021-08-06,-1.5535714285714286
2021-08-07,-1.5375
2021-08-08,-1.5214285714285714
2021-08-09,-1.5053571428571428
2021-08-10,-1.4892857142857143
2021-08-11,-1.4732142857142856
2021-08-12,-1.4571428571428573
2021-08-13,-1.4410714285714286
2021-08-14,-1.425
2021-08-15,-1.4089285714285715
2021-08-16,-1.3928571428571428
2021-08-17,-1.3767857142857143
2021-08-18,-1.3607142857142858
2021-08-19,-1.344642857142857
2021-08-20,-1.3285714285714285
2021-08-21,-1.3125
2021-08-22,-1.2964285714285713
2021-08-23,-1.280357142857143
2021-08-24,-1.2642857142857142
2021-08-25,-1.2482142857142857
2021-08-26,-1.2321428571428572
2021-08-27,-1.2160714285714285
2021-08-28,-1.2
2021-08-29,-1.14375
2021-08-30,-1.0875
2021-08-31,-1.03125
2021-09-01,-0.975
2021-09-02,-0.91875
2021-09-03,-0.8625
2021-09-04,-0.80625
2021-09-05,-0.75
2021-09-06,-0.69375
2021-09-07,-0.6375
2021-09-08,-0.58125
2021-09-09,-0.525
2021-09-10,-0.46875
2021-09-11,-0.4125000000000001
2021-09-12,-0.35625000000000007
2021-09-13,-0.30000000000000004
2021-09-14,-0.24375000000000002
2021-09-15,-0.1875
2021-09-16,-0.1312500000000001
2021-09-17,-0.07499999999999996
2021-09-18,-0.018750000000000044
2021-09-19,0.03749999999999987
2021-09-20,0.09375
2021-09-21,0.1499999999999999
2021-09-22,0.20624999999999982
2021-09-23,0.26249999999999996
2021-09-24,0.31874999999999987
2021-09-25,0.3749999999999998
2021-09-26,0.4312499999999999
2021-09-27,0.4874999999999998
2021-09-28,0.54375
2021-09-29,0.6
2021-09-30,0.6749999999999999
2021-10-01,0.75
2021-10-02,0.825
2021-10-03,0.8999999999999999
2021-10-04,0.975
2021-10-05,1.0499999999999998
2021-10-06,1.125
2021-10-07,1.2
2021-10-08,0.8875
2021-10-09,0.575
2021-10-10,0.26249999999999996
2021-10-11,-0.050000000000000044
2021-10-12,-0.36250000000000004
2021-10-13,-0.675
2021-10-14,-0.9875
2021-10-15,-1.3
2021-10-16,-1.3583333333333334
2021-10-17,-1.4166666666666667
2021-10-18,-1.475
2021-10-19,-1.5333333333333334
2021-10-20,-1.5916666666666668
2021-10-21,-1.65
2021-10-22,-1.7083333333333333
2021-10-23,-1.7666666666666666
2021-10-24,-1.825
2021-10-25,-1.8833333333333333
2021-10-26,-1.9416666666666667
2021-10-27,-2.0
2021-10-28,-2.0583333333333336
2021-10-29,-2.1166666666666667
2021-10-30,-2.175
2021-10-31,-2.2333333333333334
2021-11-01,-2.2916666666666665
2021-11-02,-2.3499999999999996
2021-11-03,-2.408333333333333
2021-11-04,-2.466666666666667
2021-11-05,-2.525
2021-11-06,-2.583333333333333
2021-11-07,-2.6416666666666666
2021-11-08,-2.7
2021-11-09,-2.7583333333333333
2021-11-10,-2.8166666666666664
2021-11-11,-2.875
2021-11-12,-2.933333333333333
2021-11-13,-2.9916666666666663
2021-11-14,-3.05
2021-11-15,-3.1083333333333334
2021-11-16,-3.1666666666666665
2021-11-17,-3.2249999999999996
2021-11-18,-3.283333333333333
2021-11-19,-3.341666666666667
2021-11-20,-3.3999999999999995
2021-11-21,-3.458333333333333
2021-11-22,-3.5166666666666666
2021-11-23,-3.575
2021-11-24,-3.633333333333333
2021-11-25,-3.6916666666666664
2021-11-26,-3.75
2021-11-27,-3.8083333333333327
2021-11-28,-3.8666666666666663
2021-11-29,-3.925
2021-11-30,-3.9833333333333334
2021-12-01,-4.041666666666666
2021-12-02,-4.1
2021-12-03,-4.142857142857142
2021-12-04,-4.185714285714285
2021-12-05,-4.228571428571429
2021-12-06,-4.271428571428571
2021-12-07,-4.314285714285714
2021-12-08,-4.357142857142857
2021-12-09,-4.3999999999999995
2021-12-10,-4.442857142857142
2021-12-11,-4.485714285714286
2021-12-12,-4.5285714285714285
2021-12-13,-4.571428571428571
2021-12-14,-4.614285714285714
2021-12-15,-4.657142857142857
2021-12-16,-4.699999999999999
2021-12-17,-4.742857142857143
2021-12-18,-4.785714285714286
2021-12-19,-4.828571428571428
2021-12-20,-4.871428571428571
2021-12-21,-4.914285714285714
2021-12-22,-4.957142857142857
2021-12-23,-5.0
2021-12-24,-5.042857142857143
2021-12-25,-5.085714285714285
2021-12-26,-5.128571428571428
2021-12-27,-5.171428571428571
2021-12-28,-5.214285714285714
2021-12-29,-5.257142857142857
2021-12-30,-5.3
2021-12-31,-5.3428571428571425
2022-01-01,-5.385714285714286
2022-01-02,-5.428571428571429
2022-01-03,-5.4714285714285715
2022-01-04,-5.514285714285714
2022-01-05,-5.557142857142857
2022-01-06,-5.6
2022-01-07,-5.642857142857142
2022-01-08,-5.685714285714286
2022-01-09,-5.728571428571429
2022-01-10,-5.771428571428571
2022-01-11,-5.814285714285714
2022-01-12,-5.857142857142857
2022-01-13,-5.9
2022-01-14,-5.942857142857143
2022-01-15,-5.985714285714286
2022-01-16,-6.0285714285714285
2022-01-17,-6.071428571428571
2022-01-18,-6.114285714285714
2022-01-19,-6.157142857142857
2022-01-20,-6.2
2022-01-21,-6.242857142857143
2022-01-22,-6.285714285714286
2022-01-23,-6.328571428571429
2022-01-24,-6.371428571428572
2022-01-25,-6.414285714285715
2022-01-26,-6.457142857142857
2022-01-27,-6.5
2022-01-28,-6.4625
2022-01-29,-6.425
2022-01-30,-6.3875
2022-01-31,-6.35
2022-02-01,-6.3125
2022-02-02,-6.275
2022-02-03,-6.2375
2022-02-04,-6.2
2022-02-05,-6.1625
2022-02-06,-6.125
2022-02-07,-6.0875
2022-02-08,-6.05
2022-02-09,-6.0125
2022-02-10,-5.975
2022-02-11,-5.9375
2022-02-12,-5.9
2022-02-13,-5.8625
2022-02-14,-5.825
2022-02-15,-5.7875
2022-02-16,-5.75
2022-02-17,-5.7125
2022-02-18,-5.675
2022-02-19,-5.6375
2022-02-20,-5.6
2022-02-21,-5.5625
2022-02-22,-5.525
2022-02-23,-5.4875
2022-02-24,-5.45
2022-02-25,-5.4125
2022-02-26,-5.375
2022-02-27,-5.3375
2022-02-28,-5.3
2022-03-01,-5.2625
2022-03-02,-5.225
2022-03-03,-5.1875
2022-03-04,-5.15
2022-03-05,-5.1125
2022-03-06,-5.075
2022-03-07,-5.0375
2022-03-08,-5.0
2022-03-09,-4.9625
2022-03-10,-4.925
2022-03-11,-4.8875
2022-03-12,-4.85
2022-03-13,-4.8125
2022-03-14,-4.775
2022-03-15,-4.7375
2022-03-16,-4.7
2022-03-17,-4.6625
2022-03-18,-4.625
2022-03-19,-4.5875
2022-03-20,-4.55
2022-03-21,-4.5125
2022-03-22,-4.475
2022-03-23,-4.4375
2022-03-24,-4.4
2022-03-25,-4.362500000000001
2022-03-26,-4.325
2022-03-27,-4.2875
2022-03-28,-4.25
2022-03-29,-4.2125
2022-03-30,-4.175000000000001
2022-03-31,-4.1375
2022-04-01,-4.1
2022-04-02,-4.0625
2022-04-03,-4.025
2022-04-04,-3.9875000000000003
2022-04-05,-3.95
2022-04-06,-3.9125
2022-04-07,-3.875
2022-04-08,-3.8375
2022-04-09,-3.8000000000000003
2022-04-10,-3.7625
2022-04-11,-3.725
2022-04-12,-3.6875
2022-04-13,-3.65
2022-04-14,-3.6125000000000003
2022-04-15,-3.575
2022-04-16,-3.5375
2022-04-17,-3.5
2022-04-18,-3.4625
2022-04-19,-3.4250000000000003
2022-04-20,-3.3875
2022-04-21,-3.35
2022-04-22,-3.3125
2022-04-23,-3.275
2022-04-24,-3.2375000000000003
2022-04-25,-3.2
2022-04-26,-3.1625
2022-04-27,-3.125
2022-04-28,-3.0875
2022-04-29,-3.0500000000000003
2022-04-30,-3.0125
2022-05-01,-2.975
2022-05-02,-2.9375
2022-05-03,-2.9000000000000004
2022-05-04,-2.8625000000000003
2022-05-05,-2.825
2022-05-06,-2.7875
2022-05-07,-2.75
2022-05-08,-2.7125000000000004
2022-05-09,-2.6750000000000003
2022-05-10,-2.6375
2022-05-11,-2.6
